{
  "run_id": "run-20260428-234941-compressed-memory-seed-2026",
  "mode": "test",
  "device": "cpu",
  "config": {
    "vocab_size": 64,
    "dim": 32,
    "heads": 4,
    "depth": 1,
    "seq_len": 48,
    "batch_size": 4,
    "steps": 20,
    "eval_batches": 3,
    "local_window": 12,
    "medium_block": 4,
    "medium_top_k": 4,
    "heavy_block": 16,
    "assoc_loss_weight": 1.0,
    "lr": 0.0003,
    "seed": 2026
  },
  "control": {
    "loss": 4.26208511988322,
    "delayed_assoc_loss": 4.130038420359294,
    "delayed_assoc_acc": 0.08333333333333333,
    "selector_entropy": 0.0,
    "selected_block_age": 0.0,
    "name": "transformer_control",
    "train_loss_last": 8.804624557495117,
    "seconds": 0.04319024085998535,
    "parameter_count": 18272,
    "estimated_memory_bytes": 12288
  },
  "candidate": {
    "loss": 4.26109520594279,
    "delayed_assoc_loss": 4.1295881271362305,
    "delayed_assoc_acc": 0.08333333333333333,
    "selector_entropy": 1.068506916364034,
    "selected_block_age": 3.1549479166666665,
    "name": "dual_rate_compressed_memory",
    "train_loss_last": 8.80708122253418,
    "seconds": 0.27370429039001465,
    "parameter_count": 18272,
    "estimated_memory_bytes": 6912
  },
  "comparison": {
    "loss_regression": -0.00023226048109916935,
    "memory_improvement": 0.4375,
    "passed_initial_gate": true
  }
}
