{
  "test": "conversation_demo",
  "D": 20000,
  "n_turns": 500,
  "n_vocab": 100,
  "rows": [
    {
      "seed": 1337,
      "retrieval_accuracy": 1.0,
      "memory_size_kb": 78.125,
      "wall_s": 0.13297462463378906
    },
    {
      "seed": 2026,
      "retrieval_accuracy": 0.99,
      "memory_size_kb": 78.125,
      "wall_s": 0.12425351142883301
    }
  ],
  "retrieval_accuracy_mean": 0.995,
  "retrieval_accuracy_std": 0.0050000000000000044
}