{
  "run_id": "smoke_cuda_bf16",
  "mode": "full",
  "device": "cuda",
  "amp": "bf16",
  "config": {
    "vocab_size": 64,
    "dim": 64,
    "heads": 4,
    "depth": 2,
    "seq_len": 64,
    "batch_size": 32,
    "steps": 100,
    "eval_batches": 10,
    "local_window": 12,
    "medium_block": 4,
    "medium_top_k": 4,
    "heavy_block": 16,
    "assoc_loss_weight": 10.0,
    "distill_weight": 0.0,
    "selector_distill_weight": 2.0,
    "memory_byte_weight": 0.0,
    "block_pool": "sum",
    "lr": 0.0003,
    "seed": 1337,
    "device": "cuda",
    "amp": "bf16"
  },
  "control": {
    "loss": 4.297156715393067,
    "delayed_assoc_loss": 4.1804931640625,
    "delayed_assoc_acc": 0.0125,
    "selector_entropy": 0.0,
    "selected_block_age": 0.0,
    "name": "transformer_control",
    "train_loss_last": 44.87132263183594,
    "seconds": 0.9844417572021484,
    "parameter_count": 112912,
    "selector_snapshot": {},
    "estimated_memory_bytes": 65536
  },
  "candidate": {
    "loss": 4.230711841583252,
    "delayed_assoc_loss": 4.070050430297852,
    "delayed_assoc_acc": 0.053125,
    "selector_entropy": 1.0892157793045043,
    "selected_block_age": 4.324238586425781,
    "name": "dual_rate_compressed_memory",
    "train_loss_last": 49.02712631225586,
    "seconds": 10.204577922821045,
    "parameter_count": 112912,
    "selector_snapshot": {
      "raw_scores_mean_over_batch": [
        [
          -0.15811337530612946,
          -0.09779999405145645,
          -0.10895833373069763,
          0.5395326018333435,
          0.19564661383628845,
          0.2910882830619812,
          0.3792903423309326,
          -0.03556084632873535,
          -0.5357357263565063,
          0.20862090587615967,
          0.2635573148727417,
          -0.5210490822792053,
          0.370428204536438,
          -0.4721331000328064,
          -0.3884948492050171
        ],
        [
          0.4658190608024597,
          0.43310627341270447,
          -0.27477094531059265,
          0.4897482693195343,
          0.048762932419776917,
          0.18447667360305786,
          0.26197701692581177,
          -0.3809356093406677,
          0.010080423206090927,
          -0.4729096293449402,
          0.20417670905590057,
          -0.8130605220794678,
          0.48616233468055725,
          -0.3760964572429657,
          -0.08457531034946442
        ],
        [
          0.4762992560863495,
          0.24035890400409698,
          0.07086150348186493,
          0.987784743309021,
          -0.05559280142188072,
          0.1610749214887619,
          0.19017598032951355,
          -0.22304457426071167,
          -0.002290523611009121,
          0.49416422843933105,
          -0.1391393393278122,
          -1.4396826028823853,
          0.8360384702682495,
          0.40652358531951904,
          -0.23899991810321808
        ],
        [
          0.1654890477657318,
          -0.040312349796295166,
          -0.14540314674377441,
          0.027721505612134933,
          0.038152582943439484,
          -0.1260540634393692,
          -0.19686448574066162,
          -0.6172258853912354,
          0.1444467008113861,
          -0.2181764841079712,
          -0.42945408821105957,
          -0.85422682762146,
          0.12299694120883942,
          -0.5062089562416077,
          -0.42735758423805237
        ]
      ],
      "softmax_mean_over_batch": [
        [
          0.05460762977600098,
          0.05595710501074791,
          0.059727951884269714,
          0.10785050690174103,
          0.07722868025302887,
          0.08661577105522156,
          0.09036589413881302,
          0.05902997404336929,
          0.03578199818730354,
          0.07939137518405914,
          0.08123136311769485,
          0.03898833319544792,
          0.09214594215154648,
          0.03977235034108162,
          0.04130514711141586
        ],
        [
          0.09678640216588974,
          0.09182196855545044,
          0.04634936898946762,
          0.09730161726474762,
          0.0644625723361969,
          0.07195551693439484,
          0.08382104337215424,
          0.04411427676677704,
          0.060847148299217224,
          0.03710818290710449,
          0.0745687335729599,
          0.027850482612848282,
          0.09731322526931763,
          0.045517511665821075,
          0.06018197536468506
        ],
        [
          0.09257609397172928,
          0.06794936954975128,
          0.05747273564338684,
          0.13918937742710114,
          0.05142275243997574,
          0.06075815111398697,
          0.05892796441912651,
          0.042576663196086884,
          0.05102520063519478,
          0.08814063668251038,
          0.045098185539245605,
          0.013533512130379677,
          0.11344939470291138,
          0.07417101413011551,
          0.043708913028240204
        ],
        [
          0.08843930810689926,
          0.07824329286813736,
          0.06604485213756561,
          0.07542107254266739,
          0.07969290018081665,
          0.0658460259437561,
          0.062126606702804565,
          0.03900831192731857,
          0.09314021468162537,
          0.0749262198805809,
          0.04818369820713997,
          0.03301972895860672,
          0.09438204020261765,
          0.053487591445446014,
          0.048038139939308167
        ]
      ],
      "entropy_per_head_mean": [
        2.5183820724487305,
        2.482440948486328,
        2.4207823276519775,
        2.4923954010009766
      ]
    },
    "estimated_memory_bytes": 32768
  },
  "comparison": {
    "loss_regression": -0.015462520501474578,
    "memory_improvement": 0.5,
    "passed_initial_gate": true
  },
  "util_baseline": {
    "timestamp": 1777683237.0298872,
    "gpu": {
      "util_pct": 0,
      "vram_used_mib": 1215,
      "vram_free_mib": 14781,
      "temp_c": 41
    },
    "mem_total_kb": 8132824,
    "mem_avail_kb": 6224904
  },
  "util": {
    "band_passed": false,
    "reason": "mean_gpu 22.8% < 70% \u2014 re-tune (bigger batch/model/seq)",
    "mean_gpu_util_pct": 22.8,
    "max_gpu_util_pct": 33,
    "min_gpu_util_pct": 0,
    "saturated_samples_pct": 0.0,
    "samples": 6,
    "wall_seconds": 12.06,
    "log_path": "/tmp/util-smoke_cuda_bf16.log",
    "vram_used_max_mib": 1576,
    "vram_used_mean_mib": 1514.8,
    "temp_max_c": 43
  }
}
