{
  "run_id": "run-20260429-034836-augmented-cycle-1-seed-1337-assoc10-steps500",
  "mode": "test",
  "device": "cpu",
  "config": {
    "vocab_size": 64,
    "dim": 32,
    "heads": 4,
    "depth": 1,
    "seq_len": 48,
    "batch_size": 4,
    "steps": 500,
    "eval_batches": 12,
    "local_window": 12,
    "medium_block": 4,
    "medium_top_k": 4,
    "heavy_block": 16,
    "assoc_loss_weight": 10.0,
    "distill_weight": 0.1,
    "memory_byte_weight": 0.05,
    "lr": 0.0003,
    "seed": 1337
  },
  "control": {
    "loss": 4.288673321406047,
    "delayed_assoc_loss": 4.246408621470134,
    "delayed_assoc_acc": 0.0,
    "selector_entropy": 0.0,
    "selected_block_age": 0.0,
    "name": "transformer_control",
    "train_loss_last": 45.51573944091797,
    "seconds": 0.679938793182373,
    "parameter_count": 18668,
    "estimated_memory_bytes": 12288
  },
  "candidate": {
    "loss": 4.299913247426351,
    "delayed_assoc_loss": 4.220937013626099,
    "delayed_assoc_acc": 0.020833333333333332,
    "selector_entropy": 1.068833202123642,
    "selected_block_age": 3.198486328125,
    "name": "dual_rate_compressed_memory",
    "train_loss_last": 46.11656951904297,
    "seconds": 8.129450798034668,
    "parameter_count": 18668,
    "estimated_memory_bytes": 6912
  },
  "comparison": {
    "loss_regression": 0.002620839867704996,
    "memory_improvement": 0.4375,
    "passed_initial_gate": true
  }
}
