{
  "run_id": "run-20260429-035345-sweep-d64-depth1-seed1337",
  "mode": "test",
  "device": "cpu",
  "config": {
    "vocab_size": 64,
    "dim": 64,
    "heads": 4,
    "depth": 1,
    "seq_len": 48,
    "batch_size": 4,
    "steps": 500,
    "eval_batches": 12,
    "local_window": 12,
    "medium_block": 4,
    "medium_top_k": 4,
    "heavy_block": 16,
    "assoc_loss_weight": 10.0,
    "distill_weight": 0.1,
    "memory_byte_weight": 0.05,
    "lr": 0.0003,
    "seed": 1337
  },
  "control": {
    "loss": 4.264238119125366,
    "delayed_assoc_loss": 4.058560947577159,
    "delayed_assoc_acc": 0.0625,
    "selector_entropy": 0.0,
    "selected_block_age": 0.0,
    "name": "transformer_control",
    "train_loss_last": 47.165931701660156,
    "seconds": 1.3504185676574707,
    "parameter_count": 61900,
    "estimated_memory_bytes": 24576
  },
  "candidate": {
    "loss": 4.27278467019399,
    "delayed_assoc_loss": 4.191828111807506,
    "delayed_assoc_acc": 0.041666666666666664,
    "selector_entropy": 1.0670862396558125,
    "selected_block_age": 3.162570536136627,
    "name": "dual_rate_compressed_memory",
    "train_loss_last": 48.991111755371094,
    "seconds": 10.170310497283936,
    "parameter_count": 61900,
    "estimated_memory_bytes": 13824
  },
  "comparison": {
    "loss_regression": 0.002004238700998372,
    "memory_improvement": 0.4375,
    "passed_initial_gate": true
  }
}
