{
  "test": "T2_compose",
  "D": 10000,
  "n_bindings": 10,
  "n_filler_atoms": 100,
  "seeds": [
    1337,
    2026,
    3001
  ],
  "rows": [
    {
      "seed": 1337,
      "compositional_accuracy": 1.0,
      "bit_accuracy_mean": 0.6227699518203735,
      "wall_s": 0.01062774658203125
    },
    {
      "seed": 2026,
      "compositional_accuracy": 1.0,
      "bit_accuracy_mean": 0.6213099956512451,
      "wall_s": 0.010164499282836914
    },
    {
      "seed": 3001,
      "compositional_accuracy": 1.0,
      "bit_accuracy_mean": 0.6241900324821472,
      "wall_s": 0.007952213287353516
    }
  ],
  "compositional_accuracy_mean": 1.0,
  "compositional_accuracy_std": 0.0
}